,open_time,open,high,low,close,volume,close_time,quote_asset_volume,number_of_trades,taker_buy_base_asset_volume,taker_buy_quote_asset_volume,ignore,date_open_time,date_close_time
0,1564790400000,0.03268,0.036,0.0222,0.02226,81829347.2,1564876799999,2136698.558315,6097,38425486.6,1007136.73502,0,2019-08-03,2019-08-03 23:59:59.999
1,1564876800000,0.02226,0.0235,0.02052,0.0207,17506683.8,1564963199999,382556.070879,2316,6221013.9,136597.641462,0,2019-08-04,2019-08-04 23:59:59.999
2,1564963200000,0.0207,0.02179,0.01721,0.01757,24934922.1,1565049599999,486301.83523,2956,8730246.0,173353.535772,0,2019-08-05,2019-08-05 23:59:59.999
3,1565049600000,0.01757,0.022,0.01755,0.0193,34213627.2,1565135999999,674268.226612,3889,15944847.9,317788.786596,0,2019-08-06,2019-08-06 23:59:59.999
4,1565136000000,0.0193,0.0423,0.0193,0.03719,125213689.7,1565222399999,3619822.024305,13435,56377538.7,1649483.825873,0,2019-08-07,2019-08-07 23:59:59.999
5,1565222400000,0.03761,0.05368,0.02777,0.02801,397252506.6,1565308799999,15069562.375879,46699,177870634.9,6725788.710022,0,2019-08-08,2019-08-08 23:59:59.999
6,1565308800000,0.02815,0.0318,0.0223,0.02279,111887841.4,1565395199999,3087102.67617,11571,42920058.3,1195096.828283,0,2019-08-09,2019-08-09 23:59:59.999
7,1565395200000,0.02284,0.02777,0.0221,0.02677,59388249.9,1565481599999,1465786.183478,6210,24556800.1,611891.676353,0,2019-08-10,2019-08-10 23:59:59.999
8,1565481600000,0.02681,0.0285,0.02458,0.02499,53491515.2,1565567999999,1419283.997883,6708,22987439.0,612356.627012,0,2019-08-11,2019-08-11 23:59:59.999
9,1565568000000,0.02499,0.0325,0.02473,0.03028,89568475.4,1565654399999,2662322.640892,10384,44320000.8,1317591.782194,0,2019-08-12,2019-08-12 23:59:59.999
10,1565654400000,0.0303,0.03333,0.02868,0.03066,83573438.3,1565740799999,2631983.366746,9765,39736412.2,1255217.6224,0,2019-08-13,2019-08-13 23:59:59.999
11,1565740800000,0.0308,0.03198,0.02536,0.026,56372966.4,1565827199999,1630886.895738,7563,23926508.9,694200.335548,0,2019-08-14,2019-08-14 23:59:59.999
12,1565827200000,0.026,0.0362,0.02577,0.03413,142824745.0,1565913599999,4713605.065608,14200,68674680.7,2275271.783146,0,2019-08-15,2019-08-15 23:59:59.999
13,1565913600000,0.03421,0.03997,0.02999,0.03288,165153606.9,1565999999999,5729719.100117,21709,75863913.5,2646077.33251,0,2019-08-16,2019-08-16 23:59:59.999
14,1566000000000,0.033,0.03841,0.03226,0.03515,117048955.8,1566086399999,4192148.8801,18928,57453605.1,2067038.780629,0,2019-08-17,2019-08-17 23:59:59.999
15,1566086400000,0.03515,0.03547,0.03,0.03067,70615094.2,1566172799999,2302879.772314,12259,26374153.1,863752.995822,0,2019-08-18,2019-08-18 23:59:59.999
16,1566172800000,0.03068,0.03502,0.03004,0.03334,72590642.0,1566259199999,2384993.898535,10583,31756609.7,1048807.201519,0,2019-08-19,2019-08-19 23:59:59.999
17,1566259200000,0.03335,0.03707,0.03243,0.03486,94590522.1,1566345599999,3291374.401997,14252,45468549.3,1587223.486196,0,2019-08-20,2019-08-20 23:59:59.999
18,1566345600000,0.03486,0.03521,0.02801,0.02908,63879268.3,1566431999999,1992957.27491,8293,24511562.1,766620.125155,0,2019-08-21,2019-08-21 23:59:59.999
19,1566432000000,0.02908,0.03014,0.02672,0.02964,33175677.3,1566518399999,948995.55635,5572,15454365.6,442654.851557,0,2019-08-22,2019-08-22 23:59:59.999
20,1566518400000,0.02941,0.031,0.02814,0.02881,13287434.8,1566604799999,395341.87876,3686,5954978.7,178151.688667,0,2019-08-23,2019-08-23 23:59:59.999
21,1566604800000,0.02861,0.02944,0.02631,0.02811,17057596.7,1566691199999,468652.792522,3418,6820486.8,187440.285096,0,2019-08-24,2019-08-24 23:59:59.999
22,1566691200000,0.02812,0.02985,0.02659,0.02701,16766942.1,1566777599999,474175.96846,3871,7095492.9,201660.065927,0,2019-08-25,2019-08-25 23:59:59.999
23,1566777600000,0.02716,0.02749,0.02471,0.0249,15124257.4,1566863999999,391282.515593,2831,4540754.2,118377.398052,0,2019-08-26,2019-08-26 23:59:59.999
24,1566864000000,0.0249,0.0252,0.02331,0.02374,17458822.8,1566950399999,421661.368689,2621,6908921.8,167065.028397,0,2019-08-27,2019-08-27 23:59:59.999
25,1566950400000,0.02375,0.02828,0.02279,0.02464,47110392.7,1567036799999,1218951.314852,5964,21251003.9,553683.844237,0,2019-08-28,2019-08-28 23:59:59.999
26,1567036800000,0.02451,0.02451,0.0216,0.02166,12823839.0,1567123199999,296310.665224,2327,5155328.8,119390.500904,0,2019-08-29,2019-08-29 23:59:59.999
27,1567123200000,0.02181,0.023,0.02176,0.02238,6509048.2,1567209599999,145244.539741,1456,2741351.9,61263.450826,0,2019-08-30,2019-08-30 23:59:59.999
28,1567209600000,0.02238,0.02366,0.02057,0.02107,7817266.9,1567295999999,172731.7861,1697,3621077.4,80443.474231,0,2019-08-31,2019-08-31 23:59:59.999
29,1567296000000,0.02107,0.02145,0.0196,0.02024,14285102.4,1567382399999,288369.005272,2210,4489651.0,90871.713789,0,2019-09-01,2019-09-01 23:59:59.999
30,1567382400000,0.02039,0.02202,0.02,0.02055,11295449.8,1567468799999,235691.532755,1677,5095283.6,106918.485663,0,2019-09-02,2019-09-02 23:59:59.999
31,1567468800000,0.02055,0.02197,0.0199,0.02079,10617997.7,1567555199999,220345.728281,1543,4718238.7,97913.193787,0,2019-09-03,2019-09-03 23:59:59.999
32,1567555200000,0.0209,0.02636,0.02018,0.0239,53300129.7,1567641599999,1286489.09813,7343,26646489.2,641594.47051,0,2019-09-04,2019-09-04 23:59:59.999
33,1567641600000,0.02388,0.02589,0.023,0.023,38986910.0,1567727999999,949225.601693,6113,17377332.4,424951.243896,0,2019-09-05,2019-09-05 23:59:59.999
34,1567728000000,0.023,0.02365,0.0205,0.02087,19754589.5,1567814399999,436593.997533,3373,7455486.4,166453.538082,0,2019-09-06,2019-09-06 23:59:59.999
35,1567814400000,0.02087,0.02209,0.02034,0.02121,8218349.3,1567900799999,175900.137596,1423,4699550.8,100902.946408,0,2019-09-07,2019-09-07 23:59:59.999
36,1567900800000,0.02121,0.02258,0.021,0.02165,8248748.7,1567987199999,179864.050145,1381,4624459.3,100825.161681,0,2019-09-08,2019-09-08 23:59:59.999
37,1567987200000,0.02165,0.02216,0.02021,0.0213,6826814.3,1568073599999,144811.83326,1422,3179136.2,67658.551396,0,2019-09-09,2019-09-09 23:59:59.999
38,1568073600000,0.0213,0.02252,0.02021,0.02071,24639049.6,1568159999999,519922.793948,2698,10393074.6,218840.848164,0,2019-09-10,2019-09-10 23:59:59.999
39,1568160000000,0.02068,0.02107,0.019,0.0193,10727248.9,1568246399999,212782.413204,1456,3895344.8,77143.711198,0,2019-09-11,2019-09-11 23:59:59.999
40,1568246400000,0.0194,0.01998,0.018,0.0197,8670203.6,1568332799999,165134.531933,1287,4352776.4,83159.712356,0,2019-09-12,2019-09-12 23:59:59.999
41,1568332800000,0.01957,0.02095,0.01914,0.01995,7134615.5,1568419199999,143134.068463,1250,4123215.0,82843.304118,0,2019-09-13,2019-09-13 23:59:59.999
42,1568419200000,0.01996,0.01996,0.01924,0.01969,2138348.3,1568505599999,41843.181885,395,984621.1,19274.16565,0,2019-09-14,2019-09-14 23:59:59.999
43,1568505600000,0.0197,0.02127,0.01941,0.02017,5286499.9,1568591999999,107031.145079,1237,2688378.7,54485.965491,0,2019-09-15,2019-09-15 23:59:59.999
44,1568592000000,0.02023,0.02304,0.02007,0.02144,20728154.9,1568678399999,451199.420575,4128,10346243.2,225469.255954,0,2019-09-16,2019-09-16 23:59:59.999
45,1568678400000,0.02135,0.02363,0.02082,0.02249,13454475.5,1568764799999,298315.312219,2966,5995350.9,132988.344409,0,2019-09-17,2019-09-17 23:59:59.999
46,1568764800000,0.02248,0.02379,0.02144,0.02199,14233849.1,1568851199999,320285.439555,3755,7218528.8,163234.277318,0,2019-09-18,2019-09-18 23:59:59.999
47,1568851200000,0.02197,0.02197,0.01951,0.0204,9615539.2,1568937599999,196773.943947,2115,3430673.3,70025.51922,0,2019-09-19,2019-09-19 23:59:59.999
48,1568937600000,0.0204,0.02288,0.02011,0.02071,9862704.4,1569023999999,210196.502184,2391,4802553.8,102619.477859,0,2019-09-20,2019-09-20 23:59:59.999
49,1569024000000,0.02061,0.0209,0.02009,0.02037,3407011.7,1569110399999,69730.960948,914,1225661.3,25106.993535,0,2019-09-21,2019-09-21 23:59:59.999
50,1569110400000,0.02035,0.02045,0.01943,0.01959,3653131.9,1569196799999,72549.801369,669,597185.4,11862.579335,0,2019-09-22,2019-09-22 23:59:59.999
51,1569196800000,0.01959,0.0204,0.01831,0.01919,9428355.9,1569283199999,185071.335432,2191,4415722.0,86910.929582,0,2019-09-23,2019-09-23 23:59:59.999
52,1569283200000,0.01911,0.02021,0.0153,0.01551,8607628.9,1569369599999,154688.768536,1856,4403258.3,79171.941574,0,2019-09-24,2019-09-24 23:59:59.999
53,1569369600000,0.01568,0.01736,0.01564,0.01645,7045810.8,1569455999999,115599.954698,1782,3315273.4,54268.06468,0,2019-09-25,2019-09-25 23:59:59.999
54,1569456000000,0.01647,0.01713,0.01502,0.01579,5698190.9,1569542399999,91566.280943,1184,2786672.1,44609.645839,0,2019-09-26,2019-09-26 23:59:59.999
55,1569542400000,0.01585,0.0159,0.01514,0.01568,3179595.5,1569628799999,49583.060918,825,1772847.9,27736.019567,0,2019-09-27,2019-09-27 23:59:59.999
56,1569628800000,0.01572,0.01667,0.0156,0.01616,2793078.5,1569715199999,44440.726265,584,1266474.8,20186.394753,0,2019-09-28,2019-09-28 23:59:59.999
57,1569715200000,0.01605,0.01664,0.01551,0.01589,4414258.1,1569801599999,70386.291415,858,1461747.3,23375.944788,0,2019-09-29,2019-09-29 23:59:59.999
58,1569801600000,0.01581,0.017,0.01546,0.01623,4620175.1,1569887999999,75333.202505,1273,2227914.3,36406.487292,0,2019-09-30,2019-09-30 23:59:59.999
59,1569888000000,0.01623,0.01898,0.01607,0.01796,10929755.9,1569974399999,194842.499541,2840,6495986.6,116054.749858,0,2019-10-01,2019-10-01 23:59:59.999
60,1569974400000,0.018,0.02127,0.01741,0.01974,11852541.7,1570060799999,227689.770496,3001,6446525.0,124154.341042,0,2019-10-02,2019-10-02 23:59:59.999
61,1570060800000,0.01962,0.0215,0.0179,0.01845,22806970.2,1570147199999,453924.034209,5152,8168005.0,163626.47045,0,2019-10-03,2019-10-03 23:59:59.999
62,1570147200000,0.01842,0.01916,0.018,0.0186,9966373.6,1570233599999,184376.330474,2138,4893179.6,90909.912287,0,2019-10-04,2019-10-04 23:59:59.999
63,1570233600000,0.01852,0.01899,0.01766,0.01819,6215252.0,1570319999999,112905.433185,1427,2027227.4,36834.079671,0,2019-10-05,2019-10-05 23:59:59.999
64,1570320000000,0.01824,0.01824,0.01624,0.01654,7469733.0,1570406399999,126581.296522,1837,3224977.1,54382.358251,0,2019-10-06,2019-10-06 23:59:59.999
65,1570406400000,0.01647,0.01745,0.01636,0.01708,3349959.0,1570492799999,57115.267847,1063,1148637.5,19644.593502,0,2019-10-07,2019-10-07 23:59:59.999
66,1570492800000,0.01708,0.01794,0.01676,0.01755,5962431.5,1570579199999,102806.584209,1639,2771366.3,47922.405762,0,2019-10-08,2019-10-08 23:59:59.999
67,1570579200000,0.01755,0.01841,0.01721,0.01819,8301229.0,1570665599999,148473.773375,2631,3523983.9,63071.686542,0,2019-10-09,2019-10-09 23:59:59.999
68,1570665600000,0.01819,0.01839,0.01714,0.0174,5079005.4,1570751999999,89747.308472,1765,2532669.5,45044.229574,0,2019-10-10,2019-10-10 23:59:59.999
69,1570752000000,0.01741,0.01752,0.01664,0.01688,5197044.9,1570838399999,88522.854365,1770,2339376.2,39994.122203,0,2019-10-11,2019-10-11 23:59:59.999
70,1570838400000,0.01689,0.01799,0.0167,0.01754,6511474.3,1570924799999,113342.861189,2069,2507883.5,43723.316371,0,2019-10-12,2019-10-12 23:59:59.999
71,1570924800000,0.01761,0.01799,0.01686,0.01702,4584786.9,1571011199999,80591.597307,1307,2391710.2,42363.898256,0,2019-10-13,2019-10-13 23:59:59.999
72,1571011200000,0.01702,0.01799,0.01692,0.01726,3799382.8,1571097599999,65892.814906,1146,1568918.3,27405.027172,0,2019-10-14,2019-10-14 23:59:59.999
73,1571097600000,0.0173,0.01761,0.01633,0.01636,3913265.6,1571183999999,66295.671811,925,1436554.6,24374.579183,0,2019-10-15,2019-10-15 23:59:59.999
74,1571184000000,0.01636,0.01665,0.01569,0.01614,2637674.5,1571270399999,42472.139291,862,972064.7,15667.544549,0,2019-10-16,2019-10-16 23:59:59.999
75,1571270400000,0.01618,0.01701,0.01586,0.01664,3323391.4,1571356799999,54532.594854,1136,1866721.7,30746.633349,0,2019-10-17,2019-10-17 23:59:59.999
76,1571356800000,0.01657,0.01798,0.01656,0.01668,12960555.4,1571443199999,222608.684891,3123,6018155.6,103512.518548,0,2019-10-18,2019-10-18 23:59:59.999
77,1571443200000,0.01673,0.01699,0.01576,0.01601,7191758.2,1571529599999,117401.038245,1335,2381308.7,38924.170698,0,2019-10-19,2019-10-19 23:59:59.999
78,1571529600000,0.01609,0.01609,0.0156,0.01587,4712657.5,1571615999999,74561.482145,930,1804715.4,28645.626257,0,2019-10-20,2019-10-20 23:59:59.999
79,1571616000000,0.01579,0.01705,0.0155,0.01688,11682400.7,1571702399999,189955.068721,2286,4824002.2,78839.670283,0,2019-10-21,2019-10-21 23:59:59.999
80,1571702400000,0.01698,0.01763,0.01596,0.01596,11247548.7,1571788799999,190846.72335,2866,5594438.3,95692.13724,0,2019-10-22,2019-10-22 23:59:59.999
81,1571788800000,0.01596,0.01637,0.01365,0.01385,12209994.9,1571875199999,182596.036228,1708,4209890.2,62626.499178,0,2019-10-23,2019-10-23 23:59:59.999
82,1571875200000,0.01385,0.01398,0.013,0.01376,11838343.4,1571961599999,159458.369862,1335,5023121.8,68236.471722,0,2019-10-24,2019-10-24 23:59:59.999
83,1571961600000,0.01379,0.01534,0.01301,0.01516,22493432.6,1572047999999,313474.708269,2784,10482105.0,147719.544652,0,2019-10-25,2019-10-25 23:59:59.999
84,1572048000000,0.01511,0.0166,0.01369,0.01435,18600334.8,1572134399999,276762.222254,3333,11233373.0,168794.619761,0,2019-10-26,2019-10-26 23:59:59.999
85,1572134400000,0.01436,0.0174,0.0137,0.0168,22133602.8,1572220799999,348490.525515,3828,12435144.9,196934.193026,0,2019-10-27,2019-10-27 23:59:59.999
86,1572220800000,0.01681,0.0174,0.0158,0.01722,7893813.6,1572307199999,130654.417552,2190,4433145.4,73796.846851,0,2019-10-28,2019-10-28 23:59:59.999
87,1572307200000,0.01716,0.01746,0.01561,0.01596,5761597.4,1572393599999,94214.400178,1325,2459791.7,40323.042637,0,2019-10-29,2019-10-29 23:59:59.999
88,1572393600000,0.01586,0.01619,0.01511,0.01529,5732144.5,1572479999999,90110.458777,828,2226808.6,35261.925491,0,2019-10-30,2019-10-30 23:59:59.999
89,1572480000000,0.01529,0.0158,0.01502,0.01539,4006041.4,1572566399999,61140.610074,868,2129342.3,32523.688107,0,2019-10-31,2019-10-31 23:59:59.999
90,1572566400000,0.01539,0.0157,0.01505,0.01535,2720255.4,1572652799999,41539.725646,633,920100.7,14177.431549,0,2019-11-01,2019-11-01 23:59:59.999
91,1572652800000,0.01546,0.01571,0.01517,0.01538,2315167.2,1572739199999,35682.855945,624,827516.0,12831.531302,0,2019-11-02,2019-11-02 23:59:59.999
92,1572739200000,0.01537,0.01638,0.01493,0.01592,9078303.2,1572825599999,141767.455422,1765,4233709.0,66079.313563,0,2019-11-03,2019-11-03 23:59:59.999
93,1572825600000,0.01593,0.01688,0.01545,0.01649,16579534.3,1572911999999,267919.770969,4036,7488674.9,120952.610957,0,2019-11-04,2019-11-04 23:59:59.999
94,1572912000000,0.01631,0.01663,0.01568,0.01618,5654908.9,1572998399999,90311.168224,2136,2929226.1,46879.039713,0,2019-11-05,2019-11-05 23:59:59.999
95,1572998400000,0.01618,0.01633,0.0156,0.01565,4636367.3,1573084799999,73366.594293,1780,2339827.4,37063.637542,0,2019-11-06,2019-11-06 23:59:59.999
96,1573084800000,0.01566,0.01583,0.01503,0.01535,4495880.9,1573171199999,69291.175261,1764,1822914.0,28155.886854,0,2019-11-07,2019-11-07 23:59:59.999
97,1573171200000,0.01535,0.01544,0.01405,0.0145,6871053.8,1573257599999,100832.507027,1930,2910412.4,42742.963825,0,2019-11-08,2019-11-08 23:59:59.999
98,1573257600000,0.0145,0.0153,0.01438,0.01496,4121376.9,1573343999999,60866.716855,1803,2323151.0,34341.711675,0,2019-11-09,2019-11-09 23:59:59.999
99,1573344000000,0.01496,0.01523,0.01465,0.01507,3416598.9,1573430399999,51249.783908,1366,1897211.6,28491.194516,0,2019-11-10,2019-11-10 23:59:59.999
100,1573430400000,0.01507,0.01517,0.01432,0.01456,5119185.5,1573516799999,75175.418442,1425,2129543.4,31262.366305,0,2019-11-11,2019-11-11 23:59:59.999
101,1573516800000,0.01456,0.01484,0.0143,0.01455,3719451.4,1573603199999,53977.321939,1423,1761920.4,25610.287164,0,2019-11-12,2019-11-12 23:59:59.999
102,1573603200000,0.01457,0.0152,0.0144,0.0149,4638288.9,1573689599999,68595.533438,1441,2279826.8,33728.195169,0,2019-11-13,2019-11-13 23:59:59.999
103,1573689600000,0.0149,0.0149,0.01414,0.01437,3977382.8,1573775999999,57462.871446,1383,1774543.4,25669.566032,0,2019-11-14,2019-11-14 23:59:59.999
104,1573776000000,0.01435,0.01442,0.0136,0.01389,4543657.4,1573862399999,63738.906412,1819,1988752.3,27987.924732,0,2019-11-15,2019-11-15 23:59:59.999
105,1573862400000,0.01389,0.01401,0.01367,0.01389,2613266.5,1573948799999,36148.315025,691,1140333.7,15778.206497,0,2019-11-16,2019-11-16 23:59:59.999
106,1573948800000,0.01392,0.01448,0.01383,0.01434,4463338.5,1574035199999,63007.828801,1397,2356610.6,33256.374668,0,2019-11-17,2019-11-17 23:59:59.999
107,1574035200000,0.01431,0.01431,0.01321,0.0134,3722334.6,1574121599999,51470.401331,1674,1913828.2,26458.92535,0,2019-11-18,2019-11-18 23:59:59.999
108,1574121600000,0.01339,0.01343,0.01252,0.01306,4970597.6,1574207999999,64369.800776,2036,2494086.9,32281.149434,0,2019-11-19,2019-11-19 23:59:59.999
109,1574208000000,0.01306,0.01323,0.01269,0.01275,3843516.2,1574294399999,49875.604986,1660,2135615.5,27706.952099,0,2019-11-20,2019-11-20 23:59:59.999
110,1574294400000,0.01276,0.01283,0.01079,0.01179,5522324.8,1574380799999,67289.584613,1723,2543158.3,31227.632796,0,2019-11-21,2019-11-21 23:59:59.999
111,1574380800000,0.01181,0.0125,0.01,0.01153,7513695.8,1574467199999,87811.90998,1596,3636991.6,42864.101868,0,2019-11-22,2019-11-22 23:59:59.999
112,1574467200000,0.01141,0.01175,0.011,0.01174,4466599.8,1574553599999,50944.536263,1843,2479233.6,28335.615409,0,2019-11-23,2019-11-23 23:59:59.999
113,1574553600000,0.01171,0.01171,0.01075,0.01085,4289831.2,1574639999999,48357.387161,2027,2309360.2,26044.627245,0,2019-11-24,2019-11-24 23:59:59.999
114,1574640000000,0.01085,0.01211,0.00977,0.01137,7850340.4,1574726399999,85643.368836,2390,4710970.0,51393.759198,0,2019-11-25,2019-11-25 23:59:59.999
115,1574726400000,0.0114,0.01216,0.01136,0.01195,6212341.7,1574812799999,73400.649788,2215,3073067.3,36204.756181,0,2019-11-26,2019-11-26 23:59:59.999
116,1574812800000,0.01195,0.01225,0.01096,0.01199,8487222.4,1574899199999,99795.974637,2428,4288708.7,50523.681385,0,2019-11-27,2019-11-27 23:59:59.999
117,1574899200000,0.01198,0.01223,0.01164,0.01187,5618267.3,1574985599999,67569.007725,1866,2881452.9,34707.619158,0,2019-11-28,2019-11-28 23:59:59.999
118,1574985600000,0.01187,0.01266,0.01183,0.01238,6241936.6,1575071999999,76640.722174,2338,3534983.3,43450.260078,0,2019-11-29,2019-11-29 23:59:59.999
119,1575072000000,0.01237,0.01262,0.01197,0.0123,4272178.8,1575158399999,52613.400758,1937,2200526.6,27111.215126,0,2019-11-30,2019-11-30 23:59:59.999
120,1575158400000,0.01228,0.0126,0.01166,0.012,6202704.4,1575244799999,73901.237299,2193,2981862.0,35542.396607,0,2019-12-01,2019-12-01 23:59:59.999
121,1575244800000,0.01201,0.01206,0.01165,0.01184,4349372.9,1575331199999,51653.814236,1792,2350273.3,27942.004816,0,2019-12-02,2019-12-02 23:59:59.999
122,1575331200000,0.01184,0.0126,0.01183,0.01212,6405726.0,1575417599999,78302.92507,2645,3344592.4,40906.755738,0,2019-12-03,2019-12-03 23:59:59.999
123,1575417600000,0.01213,0.01294,0.0117,0.01198,8160748.3,1575503999999,99903.104214,2656,4029106.9,49478.957953,0,2019-12-04,2019-12-04 23:59:59.999
124,1575504000000,0.01198,0.01338,0.01195,0.01251,13495036.8,1575590399999,169767.370401,3195,5917068.7,74222.164157,0,2019-12-05,2019-12-05 23:59:59.999
125,1575590400000,0.0125,0.01354,0.01225,0.01302,16610899.3,1575676799999,214007.187741,3795,7268463.6,93426.920556,0,2019-12-06,2019-12-06 23:59:59.999
126,1575676800000,0.01303,0.01355,0.01285,0.01345,15179638.7,1575763199999,200837.406811,3223,7454006.2,98823.671308,0,2019-12-07,2019-12-07 23:59:59.999
127,1575763200000,0.01345,0.01353,0.01291,0.01296,7442055.6,1575849599999,97927.30268,1984,3678260.0,48411.862861,0,2019-12-08,2019-12-08 23:59:59.999
128,1575849600000,0.01294,0.01319,0.01222,0.01224,6322259.7,1575935999999,80100.47678,970,2509096.8,31948.117715,0,2019-12-09,2019-12-09 23:59:59.999
129,1575936000000,0.01232,0.01232,0.0109,0.01154,8444924.9,1576022399999,98564.489552,1347,3537277.5,41401.835312,0,2019-12-10,2019-12-10 23:59:59.999
130,1576022400000,0.0116,0.01174,0.01128,0.01144,810013.8,1576108799999,9333.780633,210,422384.9,4875.701121,0,2019-12-11,2019-12-11 23:59:59.999
131,1576108800000,0.0115,0.01154,0.011,0.01133,1608838.9,1576195199999,17996.561519,301,925171.0,10387.139115,0,2019-12-12,2019-12-12 23:59:59.999
132,1576195200000,0.01134,0.01173,0.01124,0.01155,498198.2,1576281599999,5734.025227,193,281973.5,3253.750629,0,2019-12-13,2019-12-13 23:59:59.999
133,1576281600000,0.01162,0.012,0.01085,0.01119,3285865.8,1576367999999,37469.046948,1096,1610043.5,18405.340651,0,2019-12-14,2019-12-14 23:59:59.999
134,1576368000000,0.01119,0.01146,0.0111,0.01126,3681710.3,1576454399999,41495.627903,1821,1682927.1,18979.693368,0,2019-12-15,2019-12-15 23:59:59.999
135,1576454400000,0.01125,0.01129,0.01051,0.01073,5023193.2,1576540799999,55525.52542,1666,2441320.9,27014.014718,0,2019-12-16,2019-12-16 23:59:59.999
136,1576540800000,0.01075,0.01091,0.01004,0.01024,5278921.6,1576627199999,55427.713886,1326,2746532.4,28777.206003,0,2019-12-17,2019-12-17 23:59:59.999
137,1576627200000,0.01022,0.0115,0.00986,0.01139,3912085.6,1576713599999,41217.52583,1332,1718133.6,18082.379125,0,2019-12-18,2019-12-18 23:59:59.999
138,1576713600000,0.01139,0.01141,0.01079,0.01129,5473607.9,1576799999999,60545.609202,1651,2831980.9,31283.857635,0,2019-12-19,2019-12-19 23:59:59.999
139,1576800000000,0.01126,0.013,0.01104,0.01157,8104248.8,1576886399999,93855.635751,1676,3736848.6,43385.91587,0,2019-12-20,2019-12-20 23:59:59.999
140,1576886400000,0.01157,0.01161,0.01123,0.0113,6050680.1,1576972799999,69001.659979,1200,2798327.7,31933.762351,0,2019-12-21,2019-12-21 23:59:59.999
141,1576972800000,0.0113,0.01162,0.01108,0.01154,5185642.2,1577059199999,58739.429161,1388,2510477.5,28461.628468,0,2019-12-22,2019-12-22 23:59:59.999
142,1577059200000,0.01156,0.01162,0.01039,0.01055,8276435.0,1577145599999,91176.081288,2064,3470877.9,38189.403929,0,2019-12-23,2019-12-23 23:59:59.999
143,1577145600000,0.01053,0.01086,0.01036,0.01055,5669048.1,1577231999999,59995.173304,1538,2940485.8,31142.823456,0,2019-12-24,2019-12-24 23:59:59.999
144,1577232000000,0.01054,0.01057,0.0099,0.01029,4404004.6,1577318399999,45009.903707,1242,2021823.6,20704.295552,0,2019-12-25,2019-12-25 23:59:59.999
145,1577318400000,0.0103,0.01034,0.00984,0.00995,3126626.8,1577404799999,31592.874806,1184,1581009.1,16010.121681,0,2019-12-26,2019-12-26 23:59:59.999
146,1577404800000,0.00991,0.01009,0.00955,0.00968,4217887.1,1577491199999,41056.85487,967,1477266.7,14413.80971,0,2019-12-27,2019-12-27 23:59:59.999
147,1577491200000,0.00967,0.0098,0.00959,0.00966,2735557.2,1577577599999,26538.388486,878,1278050.5,12422.897703,0,2019-12-28,2019-12-28 23:59:59.999
148,1577577600000,0.00964,0.00976,0.00937,0.00943,4298814.8,1577663999999,41147.624503,1393,1900740.9,18234.790728,0,2019-12-29,2019-12-29 23:59:59.999
149,1577664000000,0.00941,0.00964,0.0092,0.00956,4094261.5,1577750399999,38556.488174,1053,2235909.2,21061.234239,0,2019-12-30,2019-12-30 23:59:59.999
150,1577750400000,0.00953,0.00961,0.00918,0.00928,3457559.6,1577836799999,32514.858079,931,1554161.7,14637.740259,0,2019-12-31,2019-12-31 23:59:59.999
151,1577836800000,0.0093,0.00961,0.00928,0.00948,2460902.7,1577923199999,23266.698974,743,1136348.8,10741.742404,0,2020-01-01,2020-01-01 23:59:59.999
152,1577923200000,0.00946,0.0095,0.00878,0.00883,3286778.7,1578009599999,30129.012118,1126,1155463.7,10617.603191,0,2020-01-02,2020-01-02 23:59:59.999
153,1578009600000,0.00883,0.0095,0.00874,0.0093,3561466.6,1578095999999,32696.888188,854,2302101.5,21166.160251,0,2020-01-03,2020-01-03 23:59:59.999
154,1578096000000,0.00933,0.0094,0.0092,0.0093,7376405.1,1578182399999,68448.052195,1005,3554961.9,32990.51669,0,2020-01-04,2020-01-04 23:59:59.999
155,1578182400000,0.00929,0.0094,0.00905,0.00909,7574902.8,1578268799999,70314.752196,1155,3905186.1,36277.686465,0,2020-01-05,2020-01-05 23:59:59.999
156,1578268800000,0.00907,0.00959,0.00906,0.00929,5609149.1,1578355199999,52348.230448,1855,3228600.0,30169.270074,0,2020-01-06,2020-01-06 23:59:59.999
157,1578355200000,0.00926,0.00944,0.00897,0.00917,4015168.8,1578441599999,37003.050965,1243,2058658.8,19027.033343,0,2020-01-07,2020-01-07 23:59:59.999
158,1578441600000,0.00916,0.00924,0.00875,0.00887,3811885.5,1578527999999,34442.982061,1313,1795409.9,16244.927278,0,2020-01-08,2020-01-08 23:59:59.999
159,1578528000000,0.00887,0.00913,0.00865,0.00875,4504420.4,1578614399999,39943.832367,1392,2321334.1,20639.028516,0,2020-01-09,2020-01-09 23:59:59.999
160,1578614400000,0.00878,0.0093,0.00844,0.0087,13142325.7,1578700799999,115576.633544,1872,6347396.8,55639.620037,0,2020-01-10,2020-01-10 23:59:59.999
161,1578700800000,0.00872,0.00914,0.00839,0.00848,18349459.5,1578787199999,158543.819754,1672,8698964.0,75501.91641,0,2020-01-11,2020-01-11 23:59:59.999
162,1578787200000,0.00845,0.00856,0.00835,0.00842,5749485.2,1578873599999,48671.414676,740,2248090.5,19078.409067,0,2020-01-12,2020-01-12 23:59:59.999
163,1578873600000,0.00842,0.00869,0.0083,0.00848,6188445.4,1578959999999,52650.0909,872,3978782.7,33932.642228,0,2020-01-13,2020-01-13 23:59:59.999
164,1578960000000,0.00846,0.00867,0.00826,0.00838,10202150.2,1579046399999,86443.372591,1362,4165669.0,35438.814363,0,2020-01-14,2020-01-14 23:59:59.999
165,1579046400000,0.00833,0.00862,0.0079,0.00822,30998609.2,1579132799999,255485.065948,2778,11995579.8,99188.186899,0,2020-01-15,2020-01-15 23:59:59.999
166,1579132800000,0.00822,0.00842,0.00769,0.00787,14429817.7,1579219199999,116011.891097,1666,6899083.1,55770.31385,0,2020-01-16,2020-01-16 23:59:59.999
167,1579219200000,0.00787,0.00827,0.00783,0.00818,11095902.4,1579305599999,89329.968381,1609,6127963.2,49403.324956,0,2020-01-17,2020-01-17 23:59:59.999
168,1579305600000,0.00818,0.00856,0.00814,0.00826,7837896.9,1579391999999,65258.735221,1385,4375050.5,36507.970258,0,2020-01-18,2020-01-18 23:59:59.999
169,1579392000000,0.00825,0.00833,0.00766,0.00785,7333243.3,1579478399999,59196.865097,1453,3340910.1,27037.620541,0,2020-01-19,2020-01-19 23:59:59.999
170,1579478400000,0.00785,0.00829,0.0078,0.00795,4368164.8,1579564799999,35109.784009,932,2315061.6,18572.52483,0,2020-01-20,2020-01-20 23:59:59.999
171,1579564800000,0.00791,0.009,0.00789,0.0087,24061504.3,1579651199999,207559.929787,2625,11353926.5,97181.969386,0,2020-01-21,2020-01-21 23:59:59.999
172,1579651200000,0.00869,0.00948,0.00851,0.00948,11975200.4,1579737599999,106311.532341,1685,5686349.0,50324.34289,0,2020-01-22,2020-01-22 23:59:59.999
173,1579737600000,0.00941,0.00955,0.00831,0.00835,12256555.4,1579823999999,108995.999139,1656,5225013.6,46277.320687,0,2020-01-23,2020-01-23 23:59:59.999
174,1579824000000,0.00838,0.00896,0.00832,0.00881,8741923.5,1579910399999,75031.971651,2043,4693741.3,40256.686987,0,2020-01-24,2020-01-24 23:59:59.999
175,1579910400000,0.00881,0.00926,0.00848,0.00855,15811909.6,1579996799999,138355.171732,2108,5522385.6,48348.077736,0,2020-01-25,2020-01-25 23:59:59.999
176,1579996800000,0.00859,0.00886,0.0085,0.00862,5996487.1,1580083199999,51967.421533,1389,3218015.3,27952.048083,0,2020-01-26,2020-01-26 23:59:59.999
177,1580083200000,0.00862,0.00865,0.00822,0.00825,10255210.4,1580169599999,85722.949728,1252,3542497.2,29609.072432,0,2020-01-27,2020-01-27 23:59:59.999
178,1580169600000,0.00822,0.00841,0.00789,0.00803,16672755.7,1580255999999,135665.959889,1766,4870156.0,39863.482029,0,2020-01-28,2020-01-28 23:59:59.999
179,1580256000000,0.00798,0.00803,0.00752,0.00756,15650509.6,1580342399999,122147.774701,1573,6099353.1,47862.372821,0,2020-01-29,2020-01-29 23:59:59.999
180,1580342400000,0.00758,0.00766,0.00737,0.00749,8942088.4,1580428799999,66968.83397,1225,4050531.4,30450.961569,0,2020-01-30,2020-01-30 23:59:59.999
181,1580428800000,0.00747,0.00771,0.00733,0.00758,9844206.4,1580515199999,74082.868044,1408,5302077.8,40082.636506,0,2020-01-31,2020-01-31 23:59:59.999
182,1580515200000,0.00758,0.00782,0.00735,0.00752,14158197.0,1580601599999,107089.761999,1353,5980499.1,45419.908913,0,2020-02-01,2020-02-01 23:59:59.999
183,1580601600000,0.00752,0.00759,0.00735,0.00741,13848186.6,1580687999999,103047.581459,1156,5178967.3,38636.481407,0,2020-02-02,2020-02-02 23:59:59.999
184,1580688000000,0.00742,0.0075,0.00678,0.00706,50914147.0,1580774399999,362467.806229,3211,19804230.8,140516.697431,0,2020-02-03,2020-02-03 23:59:59.999
185,1580774400000,0.00708,0.00742,0.00702,0.0073,35895349.1,1580860799999,260719.02543,2366,21020211.4,152658.115274,0,2020-02-04,2020-02-04 23:59:59.999
186,1580860800000,0.0073,0.00743,0.00695,0.00737,31299253.3,1580947199999,225977.031845,2167,15709099.6,113379.650803,0,2020-02-05,2020-02-05 23:59:59.999
187,1580947200000,0.00735,0.0082,0.00716,0.00793,53046782.4,1581033599999,405288.708383,3390,27695248.3,211791.312564,0,2020-02-06,2020-02-06 23:59:59.999
188,1581033600000,0.00796,0.0088,0.00752,0.00871,66939897.6,1581119999999,554105.068474,4677,29841529.4,248406.781578,0,2020-02-07,2020-02-07 23:59:59.999
189,1581120000000,0.0087,0.0087,0.00771,0.0082,48534433.5,1581206399999,397972.339001,3186,19626053.1,161245.250051,0,2020-02-08,2020-02-08 23:59:59.999
190,1581206400000,0.00822,0.00962,0.0081,0.00954,62646576.5,1581292799999,559055.598274,4404,33145661.9,296128.807235,0,2020-02-09,2020-02-09 23:59:59.999
191,1581292800000,0.00955,0.00978,0.00847,0.00895,48148841.6,1581379199999,435653.595513,3821,22013605.5,200665.967052,0,2020-02-10,2020-02-10 23:59:59.999
192,1581379200000,0.00896,0.00928,0.00864,0.00927,22205726.0,1581465599999,199420.924075,2232,10578523.3,95283.129952,0,2020-02-11,2020-02-11 23:59:59.999
193,1581465600000,0.00922,0.01097,0.00922,0.01049,64039792.7,1581551999999,652305.684402,5011,27414290.2,280149.552639,0,2020-02-12,2020-02-12 23:59:59.999
194,1581552000000,0.01051,0.01095,0.00962,0.0104,47786548.6,1581638399999,491499.08117,4436,20712018.8,213540.079742,0,2020-02-13,2020-02-13 23:59:59.999
195,1581638400000,0.01037,0.01154,0.00991,0.01106,44598979.6,1581724799999,487188.00239,4144,21778429.9,238258.265478,0,2020-02-14,2020-02-14 23:59:59.999
196,1581724800000,0.01109,0.01163,0.00965,0.0101,55194248.6,1581811199999,593372.51796,4617,20334607.0,218306.747874,0,2020-02-15,2020-02-15 23:59:59.999
197,1581811200000,0.0101,0.01042,0.00845,0.00914,37258234.2,1581897599999,347898.704714,3146,14775424.6,138111.623935,0,2020-02-16,2020-02-16 23:59:59.999
198,1581897600000,0.0091,0.01,0.00855,0.00962,42859549.1,1581983999999,393607.544653,3194,21534771.7,199761.702999,0,2020-02-17,2020-02-17 23:59:59.999
199,1581984000000,0.00964,0.0101,0.00898,0.01001,20463830.3,1582070399999,195788.539021,2215,10205649.5,97746.107508,0,2020-02-18,2020-02-18 23:59:59.999
200,1582070400000,0.00998,0.0109,0.009,0.00945,28312302.0,1582156799999,289076.780074,3044,12990371.6,132412.233454,0,2020-02-19,2020-02-19 23:59:59.999
201,1582156800000,0.00945,0.01051,0.00898,0.00973,29710778.3,1582243199999,286484.882645,3134,16303058.3,156969.311244,0,2020-02-20,2020-02-20 23:59:59.999
202,1582243200000,0.0097,0.01283,0.00964,0.01124,66298114.4,1582329599999,746167.618106,6881,29625394.9,332912.590024,0,2020-02-21,2020-02-21 23:59:59.999
203,1582329600000,0.01123,0.01212,0.01066,0.01144,50607057.0,1582415999999,572598.532662,4936,20729604.7,234985.020735,0,2020-02-22,2020-02-22 23:59:59.999
204,1582416000000,0.01146,0.0122,0.01125,0.01195,34348005.3,1582502399999,399222.691539,3350,17553094.9,204713.50494,0,2020-02-23,2020-02-23 23:59:59.999
205,1582502400000,0.01195,0.01199,0.01015,0.01064,32317243.3,1582588799999,355515.431299,3373,13402754.8,147589.366586,0,2020-02-24,2020-02-24 23:59:59.999
206,1582588800000,0.01063,0.01096,0.0091,0.00952,32644156.2,1582675199999,325235.561383,2198,13211255.5,131788.641166,0,2020-02-25,2020-02-25 23:59:59.999
207,1582675200000,0.00952,0.00971,0.00889,0.00948,26851781.4,1582761599999,249314.956244,1973,15429894.0,143603.103031,0,2020-02-26,2020-02-26 23:59:59.999
208,1582761600000,0.00946,0.0103,0.00907,0.00927,41856552.2,1582847999999,401621.550825,2976,17060392.6,163865.402255,0,2020-02-27,2020-02-27 23:59:59.999
209,1582848000000,0.00929,0.00959,0.00876,0.00905,12690457.6,1582934399999,116140.797496,1308,5332995.5,48966.554717,0,2020-02-28,2020-02-28 23:59:59.999
210,1582934400000,0.0091,0.00915,0.0084,0.00843,9864912.0,1583020799999,85781.162717,772,3624695.5,31468.002584,0,2020-02-29,2020-02-29 23:59:59.999
211,1583020800000,0.00843,0.00846,0.00762,0.00782,16302272.9,1583107199999,130589.058532,1024,6081269.3,48524.391374,0,2020-03-01,2020-03-01 23:59:59.999
212,1583107200000,0.0079,0.00847,0.00777,0.00826,14467135.7,1583193599999,117706.098583,929,6636998.4,53802.980318,0,2020-03-02,2020-03-02 23:59:59.999
213,1583193600000,0.00831,0.00845,0.0081,0.00833,7394362.5,1583279999999,60996.007685,544,3020235.6,25106.781974,0,2020-03-03,2020-03-03 23:59:59.999
214,1583280000000,0.00829,0.00839,0.0081,0.00823,6178486.2,1583366399999,51000.937948,476,2467758.4,20406.271289,0,2020-03-04,2020-03-04 23:59:59.999
215,1583366400000,0.00827,0.00962,0.00826,0.00944,15938890.5,1583452799999,144139.234753,1228,8154442.2,74341.078618,0,2020-03-05,2020-03-05 23:59:59.999
216,1583452800000,0.00949,0.011,0.0091,0.01025,84049725.9,1583539199999,857983.146927,4849,32027877.7,327350.138178,0,2020-03-06,2020-03-06 23:59:59.999
217,1583539200000,0.01028,0.01233,0.01026,0.01129,78297761.8,1583625599999,890887.857303,5464,32245852.9,366794.142019,0,2020-03-07,2020-03-07 23:59:59.999
218,1583625600000,0.01129,0.01129,0.00911,0.00916,48780909.7,1583711999999,494710.523459,3216,14436731.3,146868.981679,0,2020-03-08,2020-03-08 23:59:59.999
219,1583712000000,0.00918,0.01009,0.00857,0.00957,48460515.8,1583798399999,450876.031288,3290,18032169.2,168163.985141,0,2020-03-09,2020-03-09 23:59:59.999
220,1583798400000,0.0096,0.01078,0.00922,0.01066,56100862.0,1583884799999,556584.372868,3792,23115350.1,230597.91847,0,2020-03-10,2020-03-10 23:59:59.999
221,1583884800000,0.01064,0.01152,0.00838,0.01047,287088492.2,1583971199999,2901515.208623,17547,120087911.6,1211274.039131,0,2020-03-11,2020-03-11 23:59:59.999
222,1583971200000,0.01048,0.01048,0.0043,0.0048,76623939.9,1584057599999,598193.973304,5822,29796702.5,233145.973646,0,2020-03-12,2020-03-12 23:59:59.999
223,1584057600000,0.00486,0.0066,0.00342,0.00612,34602649.4,1584143999999,183389.709576,2349,17361077.5,90735.962006,0,2020-03-13,2020-03-13 23:59:59.999
224,1584144000000,0.00612,0.00619,0.0054,0.0055,6659703.3,1584230399999,39181.2708,568,3032272.5,17850.16163,0,2020-03-14,2020-03-14 23:59:59.999
225,1584230400000,0.00542,0.00599,0.00517,0.00558,16325561.8,1584316799999,89559.74074,1013,7804967.1,42755.571585,0,2020-03-15,2020-03-15 23:59:59.999
226,1584316800000,0.00559,0.0056,0.00418,0.00449,13255535.3,1584403199999,60830.117783,814,6978217.3,31459.511402,0,2020-03-16,2020-03-16 23:59:59.999
227,1584403200000,0.0045,0.00552,0.00439,0.00481,13728382.1,1584489599999,67821.097284,934,5939964.2,29487.536137,0,2020-03-17,2020-03-17 23:59:59.999
228,1584489600000,0.0048,0.00489,0.0043,0.00461,17669320.3,1584575999999,80350.486967,779,7371130.3,33677.772191,0,2020-03-18,2020-03-18 23:59:59.999
229,1584576000000,0.00461,0.00552,0.00453,0.00523,20369687.9,1584662399999,102511.975201,1245,8794321.1,44303.706007,0,2020-03-19,2020-03-19 23:59:59.999
230,1584662400000,0.00528,0.00572,0.0045,0.005,23157315.2,1584748799999,122861.876033,1389,7810651.4,41633.978579,0,2020-03-20,2020-03-20 23:59:59.999
231,1584748800000,0.005,0.00516,0.00474,0.00496,11896777.7,1584835199999,58885.60296,639,5330935.3,26297.010874,0,2020-03-21,2020-03-21 23:59:59.999
232,1584835200000,0.0049,0.00529,0.00454,0.00459,7942694.7,1584921599999,38433.128271,540,3029085.8,14866.663811,0,2020-03-22,2020-03-22 23:59:59.999
233,1584921600000,0.00453,0.00512,0.00445,0.00505,10717071.0,1585007999999,51072.180692,639,4220192.1,20315.23912,0,2020-03-23,2020-03-23 23:59:59.999
234,1585008000000,0.00504,0.00519,0.00479,0.00495,13962574.1,1585094399999,69114.9865,850,6849759.2,33929.545082,0,2020-03-24,2020-03-24 23:59:59.999
235,1585094400000,0.00494,0.00528,0.00475,0.00511,7435090.9,1585180799999,37006.277794,581,2909871.3,14537.748967,0,2020-03-25,2020-03-25 23:59:59.999
236,1585180800000,0.00516,0.0052,0.00482,0.00506,6725713.9,1585267199999,33332.762368,547,2971938.4,14687.16608,0,2020-03-26,2020-03-26 23:59:59.999
237,1585267200000,0.00503,0.0051,0.00469,0.00471,9405075.5,1585353599999,46642.673402,655,3884309.2,19257.701504,0,2020-03-27,2020-03-27 23:59:59.999
238,1585353600000,0.00471,0.00488,0.00451,0.00483,7361914.0,1585439999999,34218.7148,577,3178866.0,14845.893564,0,2020-03-28,2020-03-28 23:59:59.999
239,1585440000000,0.00487,0.0049,0.00431,0.00438,12238419.8,1585526399999,55123.285249,555,3961176.5,17854.832693,0,2020-03-29,2020-03-29 23:59:59.999
240,1585526400000,0.00436,0.00495,0.00435,0.00475,15000425.2,1585612799999,70775.633839,727,7569173.9,35559.39441,0,2020-03-30,2020-03-30 23:59:59.999
241,1585612800000,0.0048,0.00497,0.0048,0.00488,3731058.8,1585699199999,18241.466873,251,1441952.3,7087.739274,0,2020-03-31,2020-03-31 23:59:59.999
242,1585699200000,0.00491,0.00548,0.00467,0.00508,27756027.6,1585785599999,139348.005194,1244,12516191.5,62103.807142,0,2020-04-01,2020-04-01 23:59:59.999
243,1585785600000,0.00508,0.00572,0.00496,0.0053,40705132.1,1585871999999,213783.684316,1760,15180004.2,80075.593614,0,2020-04-02,2020-04-02 23:59:59.999
244,1585872000000,0.00536,0.00544,0.00504,0.00519,26474875.1,1585958399999,139193.49423,1085,11630911.6,61238.328594,0,2020-04-03,2020-04-03 23:59:59.999
245,1585958400000,0.00521,0.0054,0.00507,0.00524,9729053.4,1586044799999,50426.688828,555,4672812.0,24253.540686,0,2020-04-04,2020-04-04 23:59:59.999
246,1586044800000,0.00529,0.00565,0.00518,0.00529,17202543.3,1586131199999,92112.632727,756,7077103.4,38015.085817,0,2020-04-05,2020-04-05 23:59:59.999
247,1586131200000,0.00532,0.0056,0.00529,0.00554,15623768.1,1586217599999,84611.922917,800,5725541.0,31104.885271,0,2020-04-06,2020-04-06 23:59:59.999
248,1586217600000,0.00551,0.0061,0.0054,0.00553,26856822.3,1586303999999,153633.116573,1218,11036204.0,63451.240887,0,2020-04-07,2020-04-07 23:59:59.999
249,1586304000000,0.00554,0.0059,0.00548,0.00581,7626385.0,1586390399999,43574.691642,549,3868112.3,22071.575625,0,2020-04-08,2020-04-08 23:59:59.999
250,1586390400000,0.00581,0.00697,0.00577,0.00599,86195118.8,1586476799999,540234.480904,3736,34609861.8,217763.138458,0,2020-04-09,2020-04-09 23:59:59.999
251,1586476800000,0.00599,0.0062,0.00525,0.00535,30065564.1,1586563199999,167729.93287,1615,12401591.1,69443.998973,0,2020-04-10,2020-04-10 23:59:59.999
252,1586563200000,0.0054,0.00547,0.00512,0.00526,15355985.6,1586649599999,80740.118243,553,8887327.1,46585.089704,0,2020-04-11,2020-04-11 23:59:59.999
253,1586649600000,0.00527,0.00574,0.00515,0.00534,16441207.5,1586735999999,89996.034264,689,7806149.3,42617.284713,0,2020-04-12,2020-04-12 23:59:59.999
254,1586736000000,0.00532,0.0054,0.00503,0.00524,14745089.9,1586822399999,76960.282795,727,5734512.8,30005.169538,0,2020-04-13,2020-04-13 23:59:59.999
255,1586822400000,0.00527,0.0056,0.00487,0.00521,23224712.5,1586908799999,121956.60747,1029,8042966.9,42180.123052,0,2020-04-14,2020-04-14 23:59:59.999
256,1586908800000,0.00522,0.00528,0.00489,0.00492,5526703.4,1586995199999,27756.919139,323,2046426.9,10200.975489,0,2020-04-15,2020-04-15 23:59:59.999
257,1586995200000,0.00492,0.00542,0.00481,0.00522,9159833.0,1587081599999,47438.898837,751,4129222.9,21341.867684,0,2020-04-16,2020-04-16 23:59:59.999
258,1587081600000,0.0052,0.00527,0.00509,0.0051,7815022.2,1587167999999,40172.606014,321,2817188.7,14510.367286,0,2020-04-17,2020-04-17 23:59:59.999
259,1587168000000,0.0051,0.0061,0.00506,0.00571,67764683.4,1587254399999,381931.988417,1997,29615933.2,166685.643608,0,2020-04-18,2020-04-18 23:59:59.999
260,1587254400000,0.00573,0.0059,0.00515,0.00532,27396653.6,1587340799999,148062.856572,1385,9359858.6,50380.590344,0,2020-04-19,2020-04-19 23:59:59.999
261,1587340800000,0.0053,0.00539,0.0049,0.00497,14659586.4,1587427199999,75090.738624,797,6344291.6,32370.802284,0,2020-04-20,2020-04-20 23:59:59.999
262,1587427200000,0.00496,0.00512,0.00492,0.00507,6306030.6,1587513599999,31694.175615,401,1947094.6,9854.595025,0,2020-04-21,2020-04-21 23:59:59.999
263,1587513600000,0.00505,0.00526,0.00503,0.00526,8340023.4,1587599999999,43209.855625,477,3398680.7,17648.705966,0,2020-04-22,2020-04-22 23:59:59.999
264,1587600000000,0.00521,0.00537,0.00503,0.00518,19209316.8,1587686399999,100117.84383,877,7904721.2,41409.939565,0,2020-04-23,2020-04-23 23:59:59.999
265,1587686400000,0.00517,0.0053,0.00513,0.00519,13011723.9,1587772799999,67839.636075,619,4431083.2,23135.140368,0,2020-04-24,2020-04-24 23:59:59.999
266,1587772800000,0.00519,0.00536,0.00511,0.00528,26952367.8,1587859199999,141156.724887,911,13737568.9,71997.723766,0,2020-04-25,2020-04-25 23:59:59.999
267,1587859200000,0.00528,0.00583,0.00524,0.0055,38983529.2,1587945599999,214815.492441,2034,19270738.9,106268.173055,0,2020-04-26,2020-04-26 23:59:59.999
268,1587945600000,0.00551,0.00576,0.00541,0.00548,12320039.7,1588031999999,68273.909102,1058,4968688.3,27723.477401,0,2020-04-27,2020-04-27 23:59:59.999
269,1588032000000,0.00548,0.00552,0.00531,0.00534,10368999.7,1588118399999,56072.723173,650,4138482.0,22429.141238,0,2020-04-28,2020-04-28 23:59:59.999
270,1588118400000,0.00534,0.00561,0.00532,0.00553,28134208.2,1588204799999,153276.362429,1828,12634597.7,68979.309048,0,2020-04-29,2020-04-29 23:59:59.999
271,1588204800000,0.00553,0.00576,0.00535,0.0055,30591834.8,1588291199999,170942.652898,2077,15381095.7,86329.378957,0,2020-04-30,2020-04-30 23:59:59.999
272,1588291200000,0.00552,0.00569,0.00548,0.00558,14833230.5,1588377599999,82715.23405,1129,5404414.6,30145.014646,0,2020-05-01,2020-05-01 23:59:59.999
273,1588377600000,0.00558,0.0058,0.0055,0.00562,24419917.9,1588463999999,137429.064257,1628,9460221.8,53472.927836,0,2020-05-02,2020-05-02 23:59:59.999
274,1588464000000,0.00562,0.00571,0.00544,0.00546,16858292.8,1588550399999,93633.753202,1133,5342640.7,29704.34201,0,2020-05-03,2020-05-03 23:59:59.999
275,1588550400000,0.00548,0.00554,0.00526,0.00532,19021948.3,1588636799999,102680.556183,1446,8320532.0,45014.660402,0,2020-05-04,2020-05-04 23:59:59.999
276,1588636800000,0.0053,0.00555,0.00526,0.00541,17117645.7,1588723199999,91921.79526,1704,9163385.9,49317.686645,0,2020-05-05,2020-05-05 23:59:59.999
277,1588723200000,0.00541,0.00582,0.00534,0.00549,26223581.7,1588809599999,147235.264162,2891,13494561.8,75903.022793,0,2020-05-06,2020-05-06 23:59:59.999
278,1588809600000,0.00549,0.00573,0.0053,0.00537,27061500.1,1588895999999,147686.897711,2267,9630705.0,52729.308458,0,2020-05-07,2020-05-07 23:59:59.999
279,1588896000000,0.00537,0.00587,0.00531,0.00545,43019255.7,1588982399999,237720.676316,3078,22117223.5,122603.059319,0,2020-05-08,2020-05-08 23:59:59.999
280,1588982400000,0.00545,0.00552,0.00533,0.00539,14457208.6,1589068799999,78539.475711,1298,5799253.7,31610.970625,0,2020-05-09,2020-05-09 23:59:59.999
281,1589068800000,0.00539,0.00539,0.00447,0.00475,30020239.1,1589155199999,144608.520458,1420,13147528.3,63052.813738,0,2020-05-10,2020-05-10 23:59:59.999
282,1589155200000,0.0048,0.00519,0.00464,0.00487,24505798.9,1589241599999,120754.462404,1698,11178802.5,55187.637976,0,2020-05-11,2020-05-11 23:59:59.999
283,1589241600000,0.00487,0.00565,0.00487,0.00534,19597236.7,1589327999999,102884.495877,1485,10887920.2,57318.525573,0,2020-05-12,2020-05-12 23:59:59.999
284,1589328000000,0.00537,0.0056,0.00515,0.00523,33039414.1,1589414399999,175601.753663,1653,12106179.5,64605.241667,0,2020-05-13,2020-05-13 23:59:59.999
285,1589414400000,0.00521,0.0056,0.00515,0.00554,22607976.5,1589500799999,121465.907178,1509,14312996.4,77126.260931,0,2020-05-14,2020-05-14 23:59:59.999
286,1589500800000,0.00554,0.00563,0.00529,0.00542,21236743.1,1589587199999,116366.105976,1285,8959580.4,49229.707696,0,2020-05-15,2020-05-15 23:59:59.999
287,1589587200000,0.00541,0.0077,0.00539,0.00591,215747751.2,1589673599999,1392450.572316,8382,94100586.7,608059.448308,0,2020-05-16,2020-05-16 23:59:59.999
288,1589673600000,0.00595,0.00782,0.00584,0.00684,309890617.7,1589759999999,2141064.219613,14171,149830950.1,1033911.806986,0,2020-05-17,2020-05-17 23:59:59.999
289,1589760000000,0.00684,0.00798,0.00669,0.0076,208187895.4,1589846399999,1488861.276489,8520,104244211.5,752480.744017,0,2020-05-18,2020-05-18 23:59:59.999
290,1589846400000,0.0076,0.00771,0.00657,0.0067,152497930.2,1589932799999,1080443.547835,6627,58249551.3,416452.130665,0,2020-05-19,2020-05-19 23:59:59.999
291,1589932800000,0.0067,0.00703,0.00613,0.00618,103837251.2,1590019199999,683852.964677,5004,44777937.5,296494.899869,0,2020-05-20,2020-05-20 23:59:59.999
292,1590019200000,0.00618,0.00639,0.00575,0.00611,114652178.3,1590105599999,698869.099366,4866,42179676.7,257578.333466,0,2020-05-21,2020-05-21 23:59:59.999
293,1590105600000,0.00611,0.00744,0.00596,0.00667,207632489.3,1590191999999,1404470.716408,10323,94820707.3,643588.877511,0,2020-05-22,2020-05-22 23:59:59.999
294,1590192000000,0.00666,0.00908,0.00641,0.00908,400963975.8,1590278399999,3146340.902318,15290,200768019.1,1584494.12436,0,2020-05-23,2020-05-23 23:59:59.999
295,1590278400000,0.00907,0.01178,0.00826,0.00873,1346869031.4,1590364799999,13471913.426479,51233,626775185.9,6278622.235197,0,2020-05-24,2020-05-24 23:59:59.999
296,1590364800000,0.00873,0.0103,0.00811,0.00898,517069192.8,1590451199999,4695252.983321,19573,225852391.5,2053344.470371,0,2020-05-25,2020-05-25 23:59:59.999
297,1590451200000,0.00899,0.01233,0.00837,0.01005,878721808.5,1590537599999,9088044.777125,36226,429966375.3,4452388.422492,0,2020-05-26,2020-05-26 23:59:59.999
298,1590537600000,0.01007,0.01106,0.00942,0.00978,477640802.8,1590623999999,4872107.940445,21796,220191521.7,2251610.698261,0,2020-05-27,2020-05-27 23:59:59.999
299,1590624000000,0.00977,0.01073,0.00934,0.0094,218563262.5,1590710399999,2196575.385581,9336,93332762.7,941683.566974,0,2020-05-28,2020-05-28 23:59:59.999
300,1590710400000,0.00942,0.00953,0.00862,0.00881,190656773.8,1590796799999,1714724.634773,8032,84936819.3,764745.840921,0,2020-05-29,2020-05-29 23:59:59.999
301,1590796800000,0.00881,0.00897,0.00816,0.00879,153439798.8,1590883199999,1316011.346569,6447,64765378.4,556598.818929,0,2020-05-30,2020-05-30 23:59:59.999
302,1590883200000,0.00879,0.00884,0.00762,0.00787,148270631.6,1590969599999,1239441.289537,5789,61256144.4,512218.823108,0,2020-05-31,2020-05-31 23:59:59.999
303,1590969600000,0.0078,0.00858,0.00776,0.00793,138621909.3,1591055999999,1137744.196303,5419,63018440.6,519220.836871,0,2020-06-01,2020-06-01 23:59:59.999
304,1591056000000,0.00793,0.00853,0.0075,0.00822,160490207.3,1591142399999,1301765.07809,5990,76323158.7,621106.738957,0,2020-06-02,2020-06-02 23:59:59.999
305,1591142400000,0.00816,0.00839,0.00788,0.00802,85354466.0,1591228799999,687095.384707,3217,38156332.1,308100.296098,0,2020-06-03,2020-06-03 23:59:59.999
306,1591228800000,0.008,0.00898,0.00797,0.00894,172385298.2,1591315199999,1462099.475608,7061,86043129.3,731637.686424,0,2020-06-04,2020-06-04 23:59:59.999
307,1591315200000,0.00894,0.00896,0.00828,0.00835,92655894.7,1591401599999,795643.902386,4203,39149784.7,337291.777414,0,2020-06-05,2020-06-05 23:59:59.999
308,1591401600000,0.0083,0.00854,0.00828,0.0085,40987004.0,1591487999999,345012.108049,1984,19382040.5,163580.651682,0,2020-06-06,2020-06-06 23:59:59.999
309,1591488000000,0.00846,0.0094,0.00844,0.00924,167864840.1,1591574399999,1515063.521596,6592,87791180.5,793207.345059,0,2020-06-07,2020-06-07 23:59:59.999
310,1591574400000,0.00925,0.0102,0.00905,0.0096,195330076.1,1591660799999,1883450.684234,9597,95281608.7,919759.611012,0,2020-06-08,2020-06-08 23:59:59.999
311,1591660800000,0.00961,0.00996,0.00907,0.0092,101467024.2,1591747199999,957044.753967,5359,39662006.1,375607.854292,0,2020-06-09,2020-06-09 23:59:59.999
312,1591747200000,0.00918,0.00948,0.00883,0.0091,65045278.9,1591833599999,600551.676207,3714,29326535.9,271133.536517,0,2020-06-10,2020-06-10 23:59:59.999
313,1591833600000,0.0091,0.00935,0.00776,0.00778,86656189.2,1591919999999,753575.01108,4733,32550729.3,284811.799889,0,2020-06-11,2020-06-11 23:59:59.999
314,1591920000000,0.00779,0.00872,0.00773,0.00846,44954508.6,1592006399999,375744.369346,2882,22969618.9,192559.476821,0,2020-06-12,2020-06-12 23:59:59.999
315,1592006400000,0.00851,0.00888,0.00837,0.0088,48217599.7,1592092799999,417731.767909,2760,24006755.1,207800.610399,0,2020-06-13,2020-06-13 23:59:59.999
316,1592092800000,0.0088,0.00895,0.00827,0.00874,71002233.8,1592179199999,615084.362336,4176,30745431.6,266812.25946,0,2020-06-14,2020-06-14 23:59:59.999
317,1592179200000,0.00874,0.00888,0.00766,0.00837,73514140.2,1592265599999,601310.447001,4153,31343290.0,257021.554595,0,2020-06-15,2020-06-15 23:59:59.999
318,1592265600000,0.00832,0.00952,0.00827,0.00944,112472630.0,1592351999999,1012310.668029,6154,59287530.1,533295.550523,0,2020-06-16,2020-06-16 23:59:59.999
319,1592352000000,0.00945,0.00985,0.00882,0.00918,111772117.5,1592438399999,1040228.300975,6584,56049053.8,523929.612412,0,2020-06-17,2020-06-17 23:59:59.999
320,1592438400000,0.00912,0.00917,0.00854,0.0088,51281902.6,1592524799999,454493.522651,3074,19804945.7,175746.825323,0,2020-06-18,2020-06-18 23:59:59.999
321,1592524800000,0.0088,0.0095,0.00858,0.00942,60741952.3,1592611199999,549484.177988,4682,33721701.5,305270.393238,0,2020-06-19,2020-06-19 23:59:59.999
322,1592611200000,0.00938,0.00962,0.00888,0.00924,57144278.7,1592697599999,524678.053015,4475,24593683.2,226247.88596,0,2020-06-20,2020-06-20 23:59:59.999
323,1592697600000,0.00923,0.0093,0.00892,0.00896,21875560.6,1592783999999,199415.13804,2051,9355578.9,85475.124287,0,2020-06-21,2020-06-21 23:59:59.999
324,1592784000000,0.00898,0.00919,0.00883,0.009,41173108.7,1592870399999,371314.459241,3527,14460897.0,130663.076234,0,2020-06-22,2020-06-22 23:59:59.999
325,1592870400000,0.00903,0.00936,0.00895,0.009,49385494.5,1592956799999,449065.275473,3347,19131944.2,174242.734943,0,2020-06-23,2020-06-23 23:59:59.999
326,1592956800000,0.009,0.00927,0.00843,0.00859,51273479.4,1593043199999,454219.201345,3835,22152050.7,195430.797605,0,2020-06-24,2020-06-24 23:59:59.999
327,1593043200000,0.00858,0.00864,0.0081,0.00831,32091062.9,1593129599999,266933.799752,2661,13740198.2,114460.042393,0,2020-06-25,2020-06-25 23:59:59.999
328,1593129600000,0.00831,0.00832,0.0078,0.00796,36405012.2,1593215999999,291645.221737,2735,13863717.5,111180.35047,0,2020-06-26,2020-06-26 23:59:59.999
329,1593216000000,0.00796,0.00811,0.0072,0.0074,40986887.3,1593302399999,311952.060035,2511,16544936.2,125692.662073,0,2020-06-27,2020-06-27 23:59:59.999
330,1593302400000,0.0074,0.00767,0.0072,0.00753,22761672.1,1593388799999,171352.944399,1213,9104473.7,68856.029466,0,2020-06-28,2020-06-28 23:59:59.999
331,1593388800000,0.00752,0.00767,0.00744,0.00759,13122638.6,1593475199999,99287.584634,882,5766174.2,43717.740388,0,2020-06-29,2020-06-29 23:59:59.999
332,1593475200000,0.00759,0.00863,0.00746,0.00804,69550572.4,1593561599999,564258.499102,3557,31233055.8,253095.862359,0,2020-06-30,2020-06-30 23:59:59.999
333,1593561600000,0.00806,0.00858,0.00794,0.0082,50741933.7,1593647999999,421566.547132,2913,24358515.2,202857.69363,0,2020-07-01,2020-07-01 23:59:59.999
334,1593648000000,0.0082,0.00821,0.0077,0.00789,32185342.1,1593734399999,256541.160282,1916,11291827.5,90018.618088,0,2020-07-02,2020-07-02 23:59:59.999
335,1593734400000,0.00784,0.00813,0.00783,0.00798,37489325.2,1593820799999,300191.767426,2179,16663835.2,133565.701693,0,2020-07-03,2020-07-03 23:59:59.999
336,1593820800000,0.00792,0.00864,0.0079,0.00832,95581879.2,1593907199999,799148.812843,3531,53189497.4,443997.02892,0,2020-07-04,2020-07-04 23:59:59.999
337,1593907200000,0.00833,0.00879,0.00812,0.00848,53496415.1,1593993599999,449799.530547,3185,26291801.7,221558.709008,0,2020-07-05,2020-07-05 23:59:59.999
338,1593993600000,0.00851,0.00897,0.00843,0.00877,43919952.3,1594079999999,381900.247956,3094,22624411.6,197302.902308,0,2020-07-06,2020-07-06 23:59:59.999
339,1594080000000,0.00882,0.00883,0.00848,0.00857,29403679.7,1594166399999,254101.174442,1836,14560047.2,126180.571553,0,2020-07-07,2020-07-07 23:59:59.999
340,1594166400000,0.00855,0.00866,0.00841,0.0085,37772639.5,1594252799999,321545.899702,2371,15973125.7,136255.233439,0,2020-07-08,2020-07-08 23:59:59.999
341,1594252800000,0.0085,0.00851,0.00808,0.00821,36557512.6,1594339199999,302897.979651,2263,11815475.2,97923.767583,0,2020-07-09,2020-07-09 23:59:59.999
342,1594339200000,0.0082,0.009,0.00813,0.00895,77703968.3,1594425599999,673884.669897,5374,41911127.2,364068.251168,0,2020-07-10,2020-07-10 23:59:59.999
343,1594425600000,0.00896,0.0095,0.00859,0.00937,82695298.9,1594511999999,750761.645036,5238,37917275.1,345297.943873,0,2020-07-11,2020-07-11 23:59:59.999
344,1594512000000,0.0094,0.00965,0.00901,0.0093,88038846.6,1594598399999,821862.287655,5533,33021793.6,308408.282015,0,2020-07-12,2020-07-12 23:59:59.999
345,1594598400000,0.00932,0.0095,0.00872,0.00889,89999153.9,1594684799999,815487.80256,5394,36084321.7,328460.328482,0,2020-07-13,2020-07-13 23:59:59.999
346,1594684800000,0.00887,0.01022,0.0088,0.0099,223680383.1,1594771199999,2164520.468692,13013,111845041.8,1082439.508249,0,2020-07-14,2020-07-14 23:59:59.999
347,1594771200000,0.00984,0.01029,0.00965,0.00972,108443676.5,1594857599999,1078509.839013,6591,47951278.9,477436.350646,0,2020-07-15,2020-07-15 23:59:59.999
348,1594857600000,0.00971,0.01006,0.00891,0.00945,96741721.5,1594943999999,922063.398776,6778,41555789.4,398363.450169,0,2020-07-16,2020-07-16 23:59:59.999
349,1594944000000,0.00944,0.00962,0.0092,0.0095,36890112.0,1595030399999,346890.658007,2593,15372280.7,145063.845641,0,2020-07-17,2020-07-17 23:59:59.999
350,1595030400000,0.00949,0.01001,0.00934,0.00991,56099734.5,1595116799999,545586.315002,3622,26077334.5,253358.829144,0,2020-07-18,2020-07-18 23:59:59.999
351,1595116800000,0.00991,0.00993,0.00933,0.00951,33334526.5,1595203199999,321853.928866,2362,13416660.7,129746.828157,0,2020-07-19,2020-07-19 23:59:59.999
352,1595203200000,0.00949,0.0101,0.00936,0.0096,58396556.1,1595289599999,565397.499931,3865,26920692.3,261937.958848,0,2020-07-20,2020-07-20 23:59:59.999
353,1595289600000,0.00965,0.01042,0.0094,0.01016,90033160.1,1595375999999,889965.512943,5859,42733552.5,423585.819077,0,2020-07-21,2020-07-21 23:59:59.999
354,1595376000000,0.01013,0.01111,0.00996,0.01006,117800875.4,1595462399999,1243123.357141,9210,56401698.6,598221.775705,0,2020-07-22,2020-07-22 23:59:59.999
355,1595462400000,0.0101,0.011,0.0096,0.0101,70250749.6,1595548799999,718803.44314,5028,30099447.2,308861.501343,0,2020-07-23,2020-07-23 23:59:59.999
356,1595548800000,0.01015,0.0109,0.00984,0.0103,77862602.5,1595635199999,807907.838969,5409,38551725.8,401981.149904,0,2020-07-24,2020-07-24 23:59:59.999
357,1595635200000,0.0103,0.01069,0.00986,0.00988,58918366.0,1595721599999,605088.778375,3920,21269291.7,219390.169514,0,2020-07-25,2020-07-25 23:59:59.999
358,1595721600000,0.00991,0.00997,0.00894,0.00936,99022168.4,1595807999999,934792.06406,5845,39519243.1,373159.204497,0,2020-07-26,2020-07-26 23:59:59.999
359,1595808000000,0.00938,0.00941,0.00776,0.00803,138448085.2,1595894399999,1164705.017329,8770,47656641.5,399735.529223,0,2020-07-27,2020-07-27 23:59:59.999
360,1595894400000,0.00809,0.00858,0.008,0.00847,83911805.0,1595980799999,696653.411795,5664,34736347.3,289393.858349,0,2020-07-28,2020-07-28 23:59:59.999
361,1595980800000,0.00846,0.00862,0.00826,0.00857,55383945.9,1596067199999,465848.557203,3116,25348377.7,213892.461545,0,2020-07-29,2020-07-29 23:59:59.999
362,1596067200000,0.00852,0.009,0.00845,0.00859,66634634.4,1596153599999,582558.571047,3703,27583886.5,241793.940653,0,2020-07-30,2020-07-30 23:59:59.999
363,1596153600000,0.00859,0.00881,0.00819,0.00831,48524864.9,1596239999999,410277.043346,2573,20953030.7,177266.950285,0,2020-07-31,2020-07-31 23:59:59.999
364,1596240000000,0.00834,0.00846,0.00807,0.0083,46611684.1,1596326399999,385313.111681,2997,19220616.1,159405.269712,0,2020-08-01,2020-08-01 23:59:59.999
365,1596326400000,0.00829,0.0083,0.00762,0.00769,121704664.9,1596412799999,963302.447791,5693,43181961.9,341909.48409,0,2020-08-02,2020-08-02 23:59:59.999
366,1596412800000,0.00769,0.00833,0.00764,0.00808,118133149.1,1596499199999,941239.444565,4993,48530541.6,385462.676173,0,2020-08-03,2020-08-03 23:59:59.999
367,1596499200000,0.00809,0.0084,0.00775,0.00821,111936706.9,1596585599999,905889.274762,5547,59949053.5,485988.516474,0,2020-08-04,2020-08-04 23:59:59.999
368,1596585600000,0.00821,0.00825,0.0079,0.00804,50467266.6,1596671999999,406920.942186,3070,16613581.4,134268.146507,0,2020-08-05,2020-08-05 23:59:59.999
369,1596672000000,0.00804,0.0082,0.00799,0.00813,71696729.4,1596758399999,581085.352791,3524,28959429.9,234949.982207,0,2020-08-06,2020-08-06 23:59:59.999
370,1596758400000,0.00815,0.00898,0.00813,0.00857,162042984.8,1596844799999,1391311.497015,7090,84265196.8,725594.658414,0,2020-08-07,2020-08-07 23:59:59.999
371,1596844800000,0.00857,0.00897,0.00843,0.0088,76834513.2,1596931199999,676524.641889,4585,35688912.0,314940.26791,0,2020-08-08,2020-08-08 23:59:59.999
372,1596931200000,0.00879,0.0092,0.00858,0.00904,96177944.2,1597017599999,857702.269245,6105,43755301.3,390894.106547,0,2020-08-09,2020-08-09 23:59:59.999
373,1597017600000,0.00907,0.0102,0.0086,0.00992,170121548.9,1597103999999,1596103.735684,10464,95800592.0,904743.4271,0,2020-08-10,2020-08-10 23:59:59.999
374,1597104000000,0.00993,0.0101,0.00861,0.00898,131165818.5,1597190399999,1226025.43757,6967,52676300.1,493125.19175,0,2020-08-11,2020-08-11 23:59:59.999
375,1597190400000,0.00898,0.00991,0.00852,0.00945,120923020.4,1597276799999,1119728.478031,7095,56121205.3,520712.104795,0,2020-08-12,2020-08-12 23:59:59.999
376,1597276800000,0.00945,0.01005,0.00919,0.00986,126744515.3,1597363199999,1222563.486729,8383,64073653.7,620017.759094,0,2020-08-13,2020-08-13 23:59:59.999
377,1597363200000,0.00986,0.01071,0.00967,0.01016,91819763.7,1597449599999,929013.32536,7407,47766346.4,484392.918071,0,2020-08-14,2020-08-14 23:59:59.999
378,1597449600000,0.01016,0.01024,0.00946,0.00976,99360932.5,1597535999999,968790.954961,6342,40853084.3,397681.910463,0,2020-08-15,2020-08-15 23:59:59.999
379,1597536000000,0.00976,0.00978,0.0094,0.00967,33775358.5,1597622399999,324111.599445,2708,13172948.7,126732.136525,0,2020-08-16,2020-08-16 23:59:59.999
380,1597622400000,0.00967,0.01025,0.00953,0.0099,88902312.4,1597708799999,879194.424112,6882,38113162.4,377633.433266,0,2020-08-17,2020-08-17 23:59:59.999
381,1597708800000,0.0099,0.0107,0.00944,0.00996,147262826.7,1597795199999,1494411.954292,9967,69078339.6,702602.986515,0,2020-08-18,2020-08-18 23:59:59.999
382,1597795200000,0.01,0.01013,0.0093,0.00954,59628752.3,1597881599999,579788.972469,4606,25195305.4,245912.259897,0,2020-08-19,2020-08-19 23:59:59.999
383,1597881600000,0.00956,0.01036,0.0095,0.0101,76994267.1,1597967999999,772958.416388,6756,40793438.2,409407.578555,0,2020-08-20,2020-08-20 23:59:59.999
384,1597968000000,0.01006,0.01021,0.00919,0.00926,87981396.6,1598054399999,861338.256319,7128,40771194.0,399954.694956,0,2020-08-21,2020-08-21 23:59:59.999
385,1598054400000,0.00923,0.00957,0.00888,0.00953,28194492.5,1598140799999,261929.169705,2714,11379072.2,106208.837726,0,2020-08-22,2020-08-22 23:59:59.999
386,1598140800000,0.00953,0.00955,0.00925,0.00937,19465366.9,1598227199999,182931.912593,1879,9061990.8,85316.291189,0,2020-08-23,2020-08-23 23:59:59.999
387,1598227200000,0.00937,0.00965,0.00929,0.00952,23770452.4,1598313599999,225378.107633,2100,10375535.9,98566.679746,0,2020-08-24,2020-08-24 23:59:59.999
388,1598313600000,0.00952,0.00956,0.00858,0.00885,39647281.1,1598399999999,360627.907487,3017,16471035.0,149717.861114,0,2020-08-25,2020-08-25 23:59:59.999
389,1598400000000,0.00884,0.00937,0.00868,0.0092,50940685.1,1598486399999,466655.738591,3855,19692856.5,180732.021964,0,2020-08-26,2020-08-26 23:59:59.999
390,1598486400000,0.00919,0.00935,0.00867,0.009,40993813.8,1598572799999,368818.052489,3296,16839629.5,151484.740871,0,2020-08-27,2020-08-27 23:59:59.999
391,1598572800000,0.009,0.0098,0.00897,0.00967,65132897.7,1598659199999,616731.519639,4291,32234216.9,305435.588048,0,2020-08-28,2020-08-28 23:59:59.999
392,1598659200000,0.00968,0.00988,0.00939,0.00943,63676392.0,1598745599999,616660.312977,5022,28548488.2,277081.757478,0,2020-08-29,2020-08-29 23:59:59.999
393,1598745600000,0.00943,0.00993,0.0094,0.0096,42281758.4,1598831999999,406856.726675,3487,21384296.0,205877.260502,0,2020-08-30,2020-08-30 23:59:59.999
394,1598832000000,0.00961,0.01047,0.00941,0.01008,106155799.5,1598918399999,1059911.313567,7744,54613204.7,545921.521091,0,2020-08-31,2020-08-31 23:59:59.999
395,1598918400000,0.01008,0.01065,0.00961,0.00974,114691614.3,1599004799999,1151120.069013,9234,52848113.5,532499.542947,0,2020-09-01,2020-09-01 23:59:59.999
396,1599004800000,0.00971,0.01,0.00886,0.00916,57063548.8,1599091199999,534126.144978,4098,19492167.4,182908.642188,0,2020-09-02,2020-09-02 23:59:59.999
397,1599091200000,0.00913,0.00921,0.00741,0.00744,112203517.0,1599177599999,932624.001734,6969,49155752.7,408542.045216,0,2020-09-03,2020-09-03 23:59:59.999
398,1599177600000,0.00742,0.00787,0.00701,0.00764,38123132.2,1599263999999,288136.468237,3807,18786819.8,142054.894684,0,2020-09-04,2020-09-04 23:59:59.999
399,1599264000000,0.00759,0.008,0.00627,0.00676,60380996.3,1599350399999,427195.83745,4315,29525164.4,208948.170418,0,2020-09-05,2020-09-05 23:59:59.999
400,1599350400000,0.00674,0.0079,0.00645,0.0073,47473161.4,1599436799999,340568.985142,3749,23089510.6,165868.357167,0,2020-09-06,2020-09-06 23:59:59.999
401,1599436800000,0.00732,0.00743,0.00673,0.0073,34864319.5,1599523199999,248259.177695,2637,15548754.9,110670.524199,0,2020-09-07,2020-09-07 23:59:59.999
402,1599523200000,0.0073,0.0076,0.00687,0.00716,23539619.0,1599609599999,169836.659351,1917,11307855.5,81986.577815,0,2020-09-08,2020-09-08 23:59:59.999
403,1599609600000,0.00718,0.00777,0.00716,0.00758,32547231.5,1599695999999,246432.995203,2139,17866835.4,135253.257149,0,2020-09-09,2020-09-09 23:59:59.999
404,1599696000000,0.00761,0.008,0.00758,0.00789,30413424.6,1599782399999,237010.19454,2141,14603454.9,113854.537348,0,2020-09-10,2020-09-10 23:59:59.999
405,1599782400000,0.00789,0.00829,0.00756,0.00826,36807880.8,1599868799999,292548.885378,2071,17231259.1,137010.62757,0,2020-09-11,2020-09-11 23:59:59.999
406,1599868800000,0.0082,0.0092,0.0079,0.00831,133500173.3,1599955199999,1104693.460577,4975,64451525.6,540803.110455,0,2020-09-12,2020-09-12 23:59:59.999
407,1599955200000,0.00831,0.00846,0.00779,0.00784,27796830.7,1600041599999,225647.52497,2182,11028272.5,89757.380634,0,2020-09-13,2020-09-13 23:59:59.999
408,1600041600000,0.00785,0.00813,0.0077,0.00796,23510966.9,1600127999999,187120.560708,1724,10737873.4,85779.395043,0,2020-09-14,2020-09-14 23:59:59.999
409,1600128000000,0.00799,0.00815,0.00757,0.00757,13397891.2,1600214399999,105613.526184,1245,5284338.1,42018.825679,0,2020-09-15,2020-09-15 23:59:59.999
410,1600214400000,0.00763,0.00827,0.00732,0.00756,36846583.1,1600300799999,284801.654372,2644,16319007.9,125974.560735,0,2020-09-16,2020-09-16 23:59:59.999
411,1600300800000,0.00756,0.0082,0.00756,0.0079,53357877.4,1600387199999,422256.981555,3144,29149007.6,230945.162383,0,2020-09-17,2020-09-17 23:59:59.999
412,1600387200000,0.00793,0.00845,0.00773,0.0078,43573849.2,1600473599999,352877.576389,2966,24276716.0,197321.84354,0,2020-09-18,2020-09-18 23:59:59.999
413,1600473600000,0.00779,0.00835,0.00778,0.00812,42108478.6,1600559999999,337154.352549,2869,24743420.8,198051.000071,0,2020-09-19,2020-09-19 23:59:59.999
414,1600560000000,0.00812,0.00842,0.00771,0.0078,36214916.0,1600646399999,287648.477932,2590,17833028.7,141599.738506,0,2020-09-20,2020-09-20 23:59:59.999
415,1600646400000,0.00782,0.00792,0.00673,0.0071,39254270.6,1600732799999,288165.758803,2819,21607706.4,159476.854704,0,2020-09-21,2020-09-21 23:59:59.999
416,1600732800000,0.00714,0.00715,0.00687,0.00709,33273987.0,1600819199999,233681.760199,1898,19350855.0,136073.257362,0,2020-09-22,2020-09-22 23:59:59.999
417,1600819200000,0.00709,0.00726,0.00675,0.00675,32441002.4,1600905599999,229677.261656,2372,19268945.4,136775.65568,0,2020-09-23,2020-09-23 23:59:59.999
418,1600905600000,0.00681,0.00726,0.00676,0.00721,30605968.8,1600991999999,212647.01696,2284,17959994.4,124654.317048,0,2020-09-24,2020-09-24 23:59:59.999
419,1600992000000,0.00721,0.00785,0.007,0.00757,41990768.8,1601078399999,306907.149224,3091,24419230.1,178600.060529,0,2020-09-25,2020-09-25 23:59:59.999
420,1601078400000,0.00756,0.00758,0.00728,0.00744,27517313.2,1601164799999,203705.086419,1662,15078009.3,111696.236837,0,2020-09-26,2020-09-26 23:59:59.999
421,1601164800000,0.00744,0.00831,0.00732,0.0081,101247799.1,1601251199999,800525.985031,7757,50937810.7,401683.633258,0,2020-09-27,2020-09-27 23:59:59.999
422,1601251200000,0.00809,0.00899,0.00799,0.00843,85554288.0,1601337599999,718095.609833,6813,44046206.6,370400.599081,0,2020-09-28,2020-09-28 23:59:59.999
423,1601337600000,0.00835,0.00906,0.008,0.00814,94297838.8,1601423999999,796625.816512,6757,46085673.8,390525.367194,0,2020-09-29,2020-09-29 23:59:59.999
424,1601424000000,0.00814,0.00895,0.00812,0.00855,75837221.1,1601510399999,649424.926073,5466,39363503.9,336995.465919,0,2020-09-30,2020-09-30 23:59:59.999
425,1601510400000,0.00856,0.00865,0.00757,0.0078,62640156.7,1601596799999,510140.703845,4129,26036899.8,212342.448628,0,2020-10-01,2020-10-01 23:59:59.999
426,1601596800000,0.00782,0.00799,0.00721,0.00742,35683798.9,1601683199999,270664.147009,2268,16050676.1,122006.655793,0,2020-10-02,2020-10-02 23:59:59.999
427,1601683200000,0.00742,0.0076,0.00734,0.00745,13016903.6,1601769599999,97581.720603,1041,7127486.3,53468.90509,0,2020-10-03,2020-10-03 23:59:59.999
428,1601769600000,0.00747,0.00775,0.0073,0.00743,15758377.1,1601855999999,117541.646145,1248,8397167.7,62724.282291,0,2020-10-04,2020-10-04 23:59:59.999
429,1601856000000,0.00743,0.00752,0.00728,0.00744,8192299.6,1601942399999,60628.409828,725,3593830.6,26644.254688,0,2020-10-05,2020-10-05 23:59:59.999
430,1601942400000,0.00747,0.00749,0.00715,0.00715,13708551.3,1602028799999,100645.894135,1127,5062227.6,37234.882958,0,2020-10-06,2020-10-06 23:59:59.999
431,1602028800000,0.00715,0.0072,0.00665,0.00687,21263692.3,1602115199999,146670.687847,1800,8744304.0,60529.466296,0,2020-10-07,2020-10-07 23:59:59.999
432,1602115200000,0.00686,0.00745,0.00684,0.0074,36168770.3,1602201599999,260213.679941,2173,18484486.3,133029.215532,0,2020-10-08,2020-10-08 23:59:59.999
433,1602201600000,0.00736,0.00795,0.00722,0.00776,39778661.6,1602287999999,302124.185208,2258,19251304.9,146132.322979,0,2020-10-09,2020-10-09 23:59:59.999
434,1602288000000,0.00781,0.00805,0.00748,0.00757,12010736.5,1602374399999,93066.140787,1066,6315911.0,48941.310278,0,2020-10-10,2020-10-10 23:59:59.999
435,1602374400000,0.00757,0.00787,0.00743,0.0077,12186670.4,1602460799999,92336.419089,958,5192499.6,39407.379528,0,2020-10-11,2020-10-11 23:59:59.999
436,1602460800000,0.00774,0.00789,0.0075,0.00752,12117679.5,1602547199999,93179.713134,970,5014836.7,38709.108499,0,2020-10-12,2020-10-12 23:59:59.999
437,1602547200000,0.00759,0.00761,0.0074,0.00746,6929319.7,1602633599999,51893.781723,727,3227814.8,24232.588235,0,2020-10-13,2020-10-13 23:59:59.999
438,1602633600000,0.00746,0.00786,0.00734,0.00734,21014533.4,1602719999999,159127.516361,1285,10154590.0,77401.174815,0,2020-10-14,2020-10-14 23:59:59.999
439,1602720000000,0.00733,0.0074,0.00706,0.00722,12262581.7,1602806399999,88262.274839,945,5278217.5,38000.997739,0,2020-10-15,2020-10-15 23:59:59.999
440,1602806400000,0.00718,0.00767,0.00709,0.00713,17863939.5,1602892799999,131557.840919,1476,8621078.0,63670.322285,0,2020-10-16,2020-10-16 23:59:59.999
441,1602892800000,0.00713,0.0073,0.00707,0.00716,4403413.3,1602979199999,31698.917906,390,2409893.5,17380.155246,0,2020-10-17,2020-10-17 23:59:59.999
442,1602979200000,0.00719,0.00728,0.00714,0.00726,3146698.3,1603065599999,22713.511189,321,1695819.1,12269.628588,0,2020-10-18,2020-10-18 23:59:59.999
443,1603065600000,0.00724,0.00726,0.00695,0.00713,9656924.0,1603151999999,68124.726972,829,3571612.4,25231.558073,0,2020-10-19,2020-10-19 23:59:59.999
444,1603152000000,0.00713,0.00713,0.00629,0.0064,37502838.4,1603238399999,246124.596031,3595,15929641.5,103933.676285,0,2020-10-20,2020-10-20 23:59:59.999
445,1603238400000,0.00638,0.00694,0.00638,0.00665,19263272.6,1603324799999,128760.343561,1249,10012432.1,67121.642764,0,2020-10-21,2020-10-21 23:59:59.999
446,1603324800000,0.0067,0.00689,0.00657,0.00683,14017752.6,1603411199999,94517.549397,1066,6928654.9,46924.505838,0,2020-10-22,2020-10-22 23:59:59.999
447,1603411200000,0.00682,0.00698,0.00656,0.00661,12315104.1,1603497599999,82999.014403,706,4797249.8,32460.122689,0,2020-10-23,2020-10-23 23:59:59.999
448,1603497600000,0.00659,0.00669,0.00657,0.00663,3719321.1,1603583999999,24705.875063,277,1454786.2,9680.741592,0,2020-10-24,2020-10-24 23:59:59.999
449,1603584000000,0.00664,0.00677,0.00641,0.00643,5568789.8,1603670399999,36643.214006,449,2219679.5,14750.183589,0,2020-10-25,2020-10-25 23:59:59.999
450,1603670400000,0.0065,0.00661,0.00622,0.00644,12677718.6,1603756799999,81039.283971,836,4136528.0,26621.699633,0,2020-10-26,2020-10-26 23:59:59.999
451,1603756800000,0.00644,0.00649,0.0061,0.00618,8532631.2,1603843199999,53616.409303,646,2072710.3,13063.788196,0,2020-10-27,2020-10-27 23:59:59.999
452,1603843200000,0.00615,0.00651,0.00508,0.00598,18631471.9,1603929599999,113427.257049,1470,8165469.9,50556.913787,0,2020-10-28,2020-10-28 23:59:59.999
453,1603929600000,0.00592,0.00601,0.00573,0.00578,7028888.5,1604015999999,41593.833228,509,3265732.7,19366.498256,0,2020-10-29,2020-10-29 23:59:59.999
454,1604016000000,0.00571,0.00619,0.00551,0.00578,7607956.2,1604102399999,43888.974673,644,3658013.4,21249.567595,0,2020-10-30,2020-10-30 23:59:59.999
455,1604102400000,0.00578,0.00595,0.00572,0.00578,4713488.4,1604188799999,27449.105197,357,2124518.2,12397.295474,0,2020-10-31,2020-10-31 23:59:59.999
456,1604188800000,0.00577,0.00588,0.00565,0.00585,2858582.1,1604275199999,16544.713789,291,1521589.1,8831.429968,0,2020-11-01,2020-11-01 23:59:59.999
457,1604275200000,0.00586,0.0066,0.0058,0.00583,19996591.3,1604361599999,123781.646575,1987,10397908.0,64515.089812,0,2020-11-02,2020-11-02 23:59:59.999
458,1604361600000,0.00583,0.00598,0.00549,0.0058,13225452.8,1604447999999,75950.310738,1037,6463741.6,37200.894414,0,2020-11-03,2020-11-03 23:59:59.999
459,1604448000000,0.00579,0.00597,0.00564,0.00582,4776679.6,1604534399999,27622.702727,657,2387019.1,13831.277979,0,2020-11-04,2020-11-04 23:59:59.999
460,1604534400000,0.00586,0.00589,0.00531,0.00556,25488323.8,1604620799999,141465.384367,1810,11068719.2,61652.082357,0,2020-11-05,2020-11-05 23:59:59.999
461,1604620800000,0.00558,0.0064,0.00555,0.00623,52544882.9,1604707199999,315182.2371,2623,28501628.8,171488.076637,0,2020-11-06,2020-11-06 23:59:59.999
462,1604707200000,0.00618,0.00645,0.00559,0.00575,27129700.1,1604793599999,165959.280384,1971,10699872.7,65724.767423,0,2020-11-07,2020-11-07 23:59:59.999
463,1604793600000,0.00575,0.00618,0.00568,0.00594,22383089.4,1604879999999,132277.236144,1063,9619013.2,56945.013663,0,2020-11-08,2020-11-08 23:59:59.999
464,1604880000000,0.00594,0.00689,0.00591,0.0062,48755735.8,1604966399999,308972.485772,3332,24184353.4,153878.163356,0,2020-11-09,2020-11-09 23:59:59.999
465,1604966400000,0.0062,0.0066,0.00613,0.00655,12932907.9,1605052799999,82972.227499,1258,7124206.6,45746.480375,0,2020-11-10,2020-11-10 23:59:59.999
466,1605052800000,0.00655,0.00675,0.00618,0.00636,15526162.7,1605139199999,100423.677087,1245,6948454.3,45167.355624,0,2020-11-11,2020-11-11 23:59:59.999
467,1605139200000,0.00637,0.00643,0.00597,0.00626,11230006.2,1605225599999,69636.968741,883,4623154.6,28788.43585,0,2020-11-12,2020-11-12 23:59:59.999
468,1605225600000,0.00626,0.0064,0.00618,0.00637,5760643.7,1605311999999,36362.889864,606,2810306.6,17762.700835,0,2020-11-13,2020-11-13 23:59:59.999
469,1605312000000,0.00637,0.00643,0.00572,0.00588,18645693.7,1605398399999,112052.108275,1186,6949009.5,41646.471167,0,2020-11-14,2020-11-14 23:59:59.999
470,1605398400000,0.0059,0.0062,0.00573,0.0058,19628704.5,1605484799999,117207.884652,1303,8850244.5,53210.077688,0,2020-11-15,2020-11-15 23:59:59.999
471,1605484800000,0.00579,0.00603,0.00574,0.00596,14487277.8,1605571199999,85431.684832,917,7285342.6,43040.875175,0,2020-11-16,2020-11-16 23:59:59.999
472,1605571200000,0.006,0.00611,0.00554,0.00575,53685776.6,1605657599999,309967.046695,2432,20163066.0,116947.520687,0,2020-11-17,2020-11-17 23:59:59.999
473,1605657600000,0.00575,0.00579,0.00526,0.00549,33105283.3,1605743999999,183035.612756,1874,14967885.9,82979.717687,0,2020-11-18,2020-11-18 23:59:59.999
474,1605744000000,0.00548,0.0057,0.00534,0.00546,25703487.4,1605830399999,141645.986138,1376,12876401.6,71142.52387,0,2020-11-19,2020-11-19 23:59:59.999
475,1605830400000,0.00549,0.00588,0.00548,0.00578,25643339.7,1605916799999,145452.10507,1364,14732930.2,83639.976692,0,2020-11-20,2020-11-20 23:59:59.999
476,1605916800000,0.00578,0.00604,0.00568,0.00604,23076932.8,1606003199999,135730.871803,1426,10541907.4,62274.493036,0,2020-11-21,2020-11-21 23:59:59.999
477,1606003200000,0.00605,0.0065,0.00575,0.00595,64046255.8,1606089599999,390009.462912,3322,26247377.1,160420.019025,0,2020-11-22,2020-11-22 23:59:59.999
478,1606089600000,0.00595,0.00649,0.00586,0.00628,32409158.9,1606175999999,200712.769636,2045,15987036.1,99274.281804,0,2020-11-23,2020-11-23 23:59:59.999
479,1606176000000,0.00627,0.008,0.00623,0.00684,153933159.6,1606262399999,1061325.669366,10470,77121361.9,536268.143441,0,2020-11-24,2020-11-24 23:59:59.999
480,1606262400000,0.00686,0.00751,0.00655,0.00692,95729700.5,1606348799999,680325.143993,5537,37972804.8,270483.839159,0,2020-11-25,2020-11-25 23:59:59.999
481,1606348800000,0.00688,0.00705,0.0057,0.00608,63871959.2,1606435199999,396895.746068,4263,25079109.8,155648.435882,0,2020-11-26,2020-11-26 23:59:59.999
482,1606435200000,0.00608,0.00625,0.0059,0.00608,15809457.3,1606521599999,95997.589742,1194,5873290.8,35679.755026,0,2020-11-27,2020-11-27 23:59:59.999
483,1606521600000,0.00604,0.00634,0.00582,0.0063,16124682.1,1606607999999,98721.354351,1552,8495116.3,52343.83631,0,2020-11-28,2020-11-28 23:59:59.999
484,1606608000000,0.0063,0.00649,0.00608,0.00631,19261405.1,1606694399999,120693.257368,1749,8466274.5,53339.263075,0,2020-11-29,2020-11-29 23:59:59.999
485,1606694400000,0.00631,0.00658,0.00619,0.00639,32681350.1,1606780799999,209367.268233,2470,14749482.9,94836.677818,0,2020-11-30,2020-11-30 23:59:59.999
486,1606780800000,0.00636,0.00705,0.00617,0.0064,39809757.8,1606867199999,260057.29368,3992,20475783.7,134629.098073,0,2020-12-01,2020-12-01 23:59:59.999
487,1606867200000,0.00637,0.00639,0.0058,0.00631,65892300.2,1606953599999,399603.09924,5218,28001738.7,170396.788237,0,2020-12-02,2020-12-02 23:59:59.999
488,1606953600000,0.00633,0.00635,0.00613,0.00628,22526829.0,1607039999999,140291.247535,1759,12053792.8,75322.205387,0,2020-12-03,2020-12-03 23:59:59.999
489,1607040000000,0.00627,0.00636,0.00589,0.00589,18040578.4,1607126399999,110531.757572,1614,8108401.7,49983.215343,0,2020-12-04,2020-12-04 23:59:59.999
490,1607126400000,0.00592,0.00614,0.00583,0.00613,8949755.4,1607212799999,54021.394113,959,4381748.4,26571.564474,0,2020-12-05,2020-12-05 23:59:59.999
491,1607212800000,0.00613,0.00667,0.00604,0.00637,51739051.8,1607299199999,329620.348679,3796,24443038.3,155606.930499,0,2020-12-06,2020-12-06 23:59:59.999
492,1607299200000,0.00642,0.00674,0.00611,0.00633,32513400.5,1607385599999,207194.369107,3089,15034946.2,96446.477346,0,2020-12-07,2020-12-07 23:59:59.999
493,1607385600000,0.00632,0.00665,0.00623,0.00633,24703382.4,1607471999999,159095.81323,2784,12785438.7,82251.649298,0,2020-12-08,2020-12-08 23:59:59.999
494,1607472000000,0.00633,0.00649,0.00607,0.0064,16409220.6,1607558399999,103968.487587,1736,7091350.4,45083.816459,0,2020-12-09,2020-12-09 23:59:59.999
